source_id	source_key	target_type	targets	status	original_records	bam_path
40a3ceff825db98f490f303c67b1fad64e5594e16670e9ed43d7dc1c14be58fa	rna-seq/reprocessed/SARC0277/SARC0277.Aligned.sortedByCoord.out.bam	small_variants	ABCF2-chr7-151218156;ABI3BP-chr3-100850671;ACE-chr17-63497361;ADGRF5-chr6-46856758;ANKRD17-chr4-73097139;ASPM-chr1-197102716;ATRX-chrX-77599465;BMP1-chr8-22192067;BTD-chr3-15645183;BTN3A3-chr6-26448446;CD109-chr6-73818405;CDC40-chr6-110228838;CENPL-chr1-173811223;CTSE-chr1-206022947;CUL9-chr6-43186384;DBH-chr9-133652279;DIAPH1-chr5-141526090;DYNC1H1-chr14-101980529;DYNC1H1-chr14-102030200;EPG5-chr18-45925851;EXD3-chr9-137373504;EXOC4-chr7-133274996;F8-chrX-154930861;FBXO33-chr14-39431722;GLIS3-chr9-3856149;H1_2-chr6-26055824;KDM3B-chr5-138391529;KIF1C-chr17-5007293;KRT18-chr12-52951767;MAP2-chr2-209694768;MT_ND5-chrM-12994;MYO15B-chr17-75589953;MYO9A-chr15-71994488;NAV2-chr11-20080142;NME1-chr17-51154443;NR2F2-chr15-96332299;NTF3-chr12-5494381;PIP5K1A-chr1-151242178;PPP1R3F-chrX-49270761;PRICKLE2-chr3-64198863;PRRC2C-chr1-171540477;PTH1R-chr3-46898732;RNF213-chr17-80327830;ROBO2-chr3-77607853;SLC25A12-chr2-171813470;SMC5-chr9-70298024;SPG11-chr15-44660435;TECPR1-chr7-98241127;TMRO-chr9-97910412;VPS13B-chr8-99861923;VPS72-chr1-151185547;WWC1-chr5-168399513;ZNF436-chr1-23362762;ZNF674-chrX-46501045;ZNF764-chr16-30557995	incomplete	132224	cache/osteosarc/derived/c4fbfe4dfc32319b6b6b9490491d4d3127ea081b5f7b2d4a42ac781ebcbb420d/reads.bam
58f81602ec2f87b86a032cf869f1abefc9f4235dbb1ce082e0b6bbc085b155de	ONT/IPISRC044_ONT_upload/IPISRC044_ONT/processed/IPISRC044_T2_sclrs_ONT/IPISRC044_T2_sclrs_ONT/IPISRC044_T2_sclrs_ONT.tagged.bam	small_variants	ABCF2-chr7-151218156;ABI3BP-chr3-100850671;ACE-chr17-63497361;ADGRF5-chr6-46856758;ANKRD17-chr4-73097139;ASPM-chr1-197102716;ATRX-chrX-77599465;BMP1-chr8-22192067;BTD-chr3-15645183;BTN3A3-chr6-26448446;CD109-chr6-73818405;CDC40-chr6-110228838;CENPL-chr1-173811223;CTSE-chr1-206022947;CUL9-chr6-43186384;DBH-chr9-133652279;DIAPH1-chr5-141526090;DYNC1H1-chr14-101980529;DYNC1H1-chr14-102030200;EPG5-chr18-45925851;EXD3-chr9-137373504;EXOC4-chr7-133274996;F8-chrX-154930861;FBXO33-chr14-39431722;GLIS3-chr9-3856149;H1_2-chr6-26055824;KDM3B-chr5-138391529;KIF1C-chr17-5007293;KRT18-chr12-52951767;MAP2-chr2-209694768;MT_ND5-chrM-12994;MYO15B-chr17-75589953;MYO9A-chr15-71994488;NAV2-chr11-20080142;NME1-chr17-51154443;NR2F2-chr15-96332299;NTF3-chr12-5494381;PIP5K1A-chr1-151242178;PPP1R3F-chrX-49270761;PRICKLE2-chr3-64198863;PRRC2C-chr1-171540477;PTH1R-chr3-46898732;RNF213-chr17-80327830;ROBO2-chr3-77607853;SLC25A12-chr2-171813470;SMC5-chr9-70298024;SPG11-chr15-44660435;TECPR1-chr7-98241127;TMRO-chr9-97910412;VPS13B-chr8-99861923;VPS72-chr1-151185547;WWC1-chr5-168399513;ZNF436-chr1-23362762;ZNF674-chrX-46501045;ZNF764-chr16-30557995	incomplete	197191	cache/osteosarc/derived/11029e917a65c9e4a7be3e55a343310edd28773b6d0ef8622642788abffef242/reads.bam
6e9147690525529f9591602afd1191f9862f4df16117a865c6726654456c9368	kamil/tumor/output/T2/outs/per_sample_outs/T2/sample_alignments.bam	small_variants	ABCF2-chr7-151218156;ABI3BP-chr3-100850671;ACE-chr17-63497361;ADGRF5-chr6-46856758;ANKRD17-chr4-73097139;ASPM-chr1-197102716;ATRX-chrX-77599465;BMP1-chr8-22192067;BTD-chr3-15645183;BTN3A3-chr6-26448446;CD109-chr6-73818405;CDC40-chr6-110228838;CENPL-chr1-173811223;CTSE-chr1-206022947;CUL9-chr6-43186384;DBH-chr9-133652279;DIAPH1-chr5-141526090;DYNC1H1-chr14-101980529;DYNC1H1-chr14-102030200;EPG5-chr18-45925851;EXD3-chr9-137373504;EXOC4-chr7-133274996;F8-chrX-154930861;FBXO33-chr14-39431722;GLIS3-chr9-3856149;H1_2-chr6-26055824;KDM3B-chr5-138391529;KIF1C-chr17-5007293;KRT18-chr12-52951767;MAP2-chr2-209694768;MT_ND5-chrM-12994;MYO15B-chr17-75589953;MYO9A-chr15-71994488;NAV2-chr11-20080142;NME1-chr17-51154443;NR2F2-chr15-96332299;NTF3-chr12-5494381;PIP5K1A-chr1-151242178;PPP1R3F-chrX-49270761;PRICKLE2-chr3-64198863;PRRC2C-chr1-171540477;PTH1R-chr3-46898732;RNF213-chr17-80327830;ROBO2-chr3-77607853;SLC25A12-chr2-171813470;SMC5-chr9-70298024;SPG11-chr15-44660435;TECPR1-chr7-98241127;TMRO-chr9-97910412;VPS13B-chr8-99861923;VPS72-chr1-151185547;WWC1-chr5-168399513;ZNF436-chr1-23362762;ZNF674-chrX-46501045;ZNF764-chr16-30557995	bounded	117060	cache/osteosarc/derived/87bd758ffb5011bf693eed9c51f008bae112fd9d5ca33a684fb6c9f7958e5df5/reads.bam
8275c5f211640cb978ef5f54e7cf22e71dd96efc8a8f84fb14039c097182989b	pacbio/IPISRC044_T1_sclrs_live_pbmm2_mapped.bam	small_variants	ABCF2-chr7-151218156;ABI3BP-chr3-100850671;ACE-chr17-63497361;ADGRF5-chr6-46856758;ANKRD17-chr4-73097139;ASPM-chr1-197102716;ATRX-chrX-77599465;BMP1-chr8-22192067;BTD-chr3-15645183;BTN3A3-chr6-26448446;CD109-chr6-73818405;CDC40-chr6-110228838;CENPL-chr1-173811223;CTSE-chr1-206022947;CUL9-chr6-43186384;DBH-chr9-133652279;DIAPH1-chr5-141526090;DYNC1H1-chr14-101980529;DYNC1H1-chr14-102030200;EPG5-chr18-45925851;EXD3-chr9-137373504;EXOC4-chr7-133274996;F8-chrX-154930861;FBXO33-chr14-39431722;GLIS3-chr9-3856149;H1_2-chr6-26055824;KDM3B-chr5-138391529;KIF1C-chr17-5007293;KRT18-chr12-52951767;MAP2-chr2-209694768;MT_ND5-chrM-12994;MYO15B-chr17-75589953;MYO9A-chr15-71994488;NAV2-chr11-20080142;NME1-chr17-51154443;NR2F2-chr15-96332299;NTF3-chr12-5494381;PIP5K1A-chr1-151242178;PPP1R3F-chrX-49270761;PRICKLE2-chr3-64198863;PRRC2C-chr1-171540477;PTH1R-chr3-46898732;RNF213-chr17-80327830;ROBO2-chr3-77607853;SLC25A12-chr2-171813470;SMC5-chr9-70298024;SPG11-chr15-44660435;TECPR1-chr7-98241127;TMRO-chr9-97910412;VPS13B-chr8-99861923;VPS72-chr1-151185547;WWC1-chr5-168399513;ZNF436-chr1-23362762;ZNF674-chrX-46501045;ZNF764-chr16-30557995	incomplete	12057	cache/osteosarc/derived/8f1dc85b58ffa06bc5750b84d90d5f7842d635fb0e0e0477cf22eac141429b09/reads.bam
40a3ceff825db98f490f303c67b1fad64e5594e16670e9ed43d7dc1c14be58fa	rna-seq/reprocessed/SARC0277/SARC0277.Aligned.sortedByCoord.out.bam	fusion_geometry	adj-13d954785c89a21a1e8e937b	acquired	8148	cache/osteosarc/derived/25605e00e166afb093f1b5242da240c67e50b22367d60727d4a3a5561e42d247/reads.bam
40a3ceff825db98f490f303c67b1fad64e5594e16670e9ed43d7dc1c14be58fa	rna-seq/reprocessed/SARC0277/SARC0277.Aligned.sortedByCoord.out.bam	fusion_geometry	adj-3834e653a87b6d5ec9b7b8a6	acquired	3925	cache/osteosarc/derived/d2a4ad8a20bb407730cf7e6507616097f56e2fd49a884a8c096b51ad14d3e5c8/reads.bam
40a3ceff825db98f490f303c67b1fad64e5594e16670e9ed43d7dc1c14be58fa	rna-seq/reprocessed/SARC0277/SARC0277.Aligned.sortedByCoord.out.bam	fusion_geometry	adj-52ace853d3c63e505e9e5bba	incomplete	13439	cache/osteosarc/derived/106a307c961d273144ca6fde40670ceba789804f0eb3dbbcc73083f1ac30a5a9/reads.bam
40a3ceff825db98f490f303c67b1fad64e5594e16670e9ed43d7dc1c14be58fa	rna-seq/reprocessed/SARC0277/SARC0277.Aligned.sortedByCoord.out.bam	fusion_geometry	adj-5a298314b0272623da8eb76a	acquired	3925	cache/osteosarc/derived/3a73c70c959f12c2da028153fba9e3570c24c70f139faa14fd3db8b5c42fc5fa/reads.bam
40a3ceff825db98f490f303c67b1fad64e5594e16670e9ed43d7dc1c14be58fa	rna-seq/reprocessed/SARC0277/SARC0277.Aligned.sortedByCoord.out.bam	fusion_geometry	adj-79fa5cd408c4e72b464abb46	acquired	8234	cache/osteosarc/derived/758cc4084e2f1d57c26b6fd62e174332bdc7673519fb18b5491d57897c54ea18/reads.bam
58f81602ec2f87b86a032cf869f1abefc9f4235dbb1ce082e0b6bbc085b155de	ONT/IPISRC044_ONT_upload/IPISRC044_ONT/processed/IPISRC044_T2_sclrs_ONT/IPISRC044_T2_sclrs_ONT/IPISRC044_T2_sclrs_ONT.tagged.bam	fusion_geometry	adj-13d954785c89a21a1e8e937b	incomplete	8390	cache/osteosarc/derived/f37c784b41958f28015b3ce99a43bed828d44aa8e9bba2752854cc00f0c02a04/reads.bam
58f81602ec2f87b86a032cf869f1abefc9f4235dbb1ce082e0b6bbc085b155de	ONT/IPISRC044_ONT_upload/IPISRC044_ONT/processed/IPISRC044_T2_sclrs_ONT/IPISRC044_T2_sclrs_ONT/IPISRC044_T2_sclrs_ONT.tagged.bam	fusion_geometry	adj-3834e653a87b6d5ec9b7b8a6	incomplete	4528	cache/osteosarc/derived/e19dae437d479486a2f3d954e23b6ea494a2d2d19cb8b572e7e90dfb248689d7/reads.bam
58f81602ec2f87b86a032cf869f1abefc9f4235dbb1ce082e0b6bbc085b155de	ONT/IPISRC044_ONT_upload/IPISRC044_ONT/processed/IPISRC044_T2_sclrs_ONT/IPISRC044_T2_sclrs_ONT/IPISRC044_T2_sclrs_ONT.tagged.bam	fusion_geometry	adj-52ace853d3c63e505e9e5bba	incomplete	23207	cache/osteosarc/derived/707c310181edf50f9ab78b64753cce6abf67b9df6efca3270fcbac48366c588e/reads.bam
58f81602ec2f87b86a032cf869f1abefc9f4235dbb1ce082e0b6bbc085b155de	ONT/IPISRC044_ONT_upload/IPISRC044_ONT/processed/IPISRC044_T2_sclrs_ONT/IPISRC044_T2_sclrs_ONT/IPISRC044_T2_sclrs_ONT.tagged.bam	fusion_geometry	adj-5a298314b0272623da8eb76a	incomplete	4528	cache/osteosarc/derived/bf738dce7dbea97ab1ce67c83a322f2291afde3bd684382060292c59f4c824d6/reads.bam
58f81602ec2f87b86a032cf869f1abefc9f4235dbb1ce082e0b6bbc085b155de	ONT/IPISRC044_ONT_upload/IPISRC044_ONT/processed/IPISRC044_T2_sclrs_ONT/IPISRC044_T2_sclrs_ONT/IPISRC044_T2_sclrs_ONT.tagged.bam	fusion_geometry	adj-79fa5cd408c4e72b464abb46	incomplete	2078	cache/osteosarc/derived/d80455f2dd303d5ec8123a2326a2fca982de4d46cd3fd365c2b4d700cf2f81ed/reads.bam
6e9147690525529f9591602afd1191f9862f4df16117a865c6726654456c9368	kamil/tumor/output/T2/outs/per_sample_outs/T2/sample_alignments.bam	fusion_geometry	adj-13d954785c89a21a1e8e937b	acquired	27931	cache/osteosarc/derived/8251a67b0ded71698f6f0ac66adf4f44d1f1f62935995cd6b2056391c7636234/reads.bam
6e9147690525529f9591602afd1191f9862f4df16117a865c6726654456c9368	kamil/tumor/output/T2/outs/per_sample_outs/T2/sample_alignments.bam	fusion_geometry	adj-3834e653a87b6d5ec9b7b8a6	acquired	19755	cache/osteosarc/derived/42f2b60c6520c21d3b6788ee56817c0a7c6653c185d65a1b1010484420e70959/reads.bam
6e9147690525529f9591602afd1191f9862f4df16117a865c6726654456c9368	kamil/tumor/output/T2/outs/per_sample_outs/T2/sample_alignments.bam	fusion_geometry	adj-52ace853d3c63e505e9e5bba	acquired	72489	cache/osteosarc/derived/dc2e3b75a3a1d25386f400616ed5c2583f069c0e7a8143254e70e3dea376b585/reads.bam
6e9147690525529f9591602afd1191f9862f4df16117a865c6726654456c9368	kamil/tumor/output/T2/outs/per_sample_outs/T2/sample_alignments.bam	fusion_geometry	adj-5a298314b0272623da8eb76a	acquired	19755	cache/osteosarc/derived/6ed7b970e44aa229641bf1e1e7c3085f4f16f9982799daa82e6c725046cd0775/reads.bam
6e9147690525529f9591602afd1191f9862f4df16117a865c6726654456c9368	kamil/tumor/output/T2/outs/per_sample_outs/T2/sample_alignments.bam	fusion_geometry	adj-79fa5cd408c4e72b464abb46	acquired	10243	cache/osteosarc/derived/c305638efd6e4bb699f9e620203fd8bc79a4dc0349e8730447a599993ff5cd0d/reads.bam
8275c5f211640cb978ef5f54e7cf22e71dd96efc8a8f84fb14039c097182989b	pacbio/IPISRC044_T1_sclrs_live_pbmm2_mapped.bam	fusion_geometry	adj-13d954785c89a21a1e8e937b	acquired	1242	cache/osteosarc/derived/62eb368a0451d234a32709e16ca7115d9a2dfc12c63bb9b9eb7d4708b906061a/reads.bam
8275c5f211640cb978ef5f54e7cf22e71dd96efc8a8f84fb14039c097182989b	pacbio/IPISRC044_T1_sclrs_live_pbmm2_mapped.bam	fusion_geometry	adj-3834e653a87b6d5ec9b7b8a6	acquired	730	cache/osteosarc/derived/511fdde58af75504b9a046f2f814fe0bf4b50057e5620b10e12c5367c8d38d2e/reads.bam
8275c5f211640cb978ef5f54e7cf22e71dd96efc8a8f84fb14039c097182989b	pacbio/IPISRC044_T1_sclrs_live_pbmm2_mapped.bam	fusion_geometry	adj-52ace853d3c63e505e9e5bba	acquired	492	cache/osteosarc/derived/20bbfd8e29884a46b3ab3ed48543d50806942b7d8ed4e35a3ae222005302497b/reads.bam
8275c5f211640cb978ef5f54e7cf22e71dd96efc8a8f84fb14039c097182989b	pacbio/IPISRC044_T1_sclrs_live_pbmm2_mapped.bam	fusion_geometry	adj-5a298314b0272623da8eb76a	acquired	730	cache/osteosarc/derived/b42799d95e7ee494994c94293a551a562d1669565484397041467518a5605ebc/reads.bam
8275c5f211640cb978ef5f54e7cf22e71dd96efc8a8f84fb14039c097182989b	pacbio/IPISRC044_T1_sclrs_live_pbmm2_mapped.bam	fusion_geometry	adj-79fa5cd408c4e72b464abb46	acquired	375	cache/osteosarc/derived/c133d5a78684cf121e2d146cf6d0c81149bb5025499e8cab58d520ac2a75c33d/reads.bam
