relative_path	sha256	bytes
batches.json	4bc607332d3caf61646b1e8b020af1249a9b9c8b01c34c1ce9bc8f2ef086c0bb	2459
cache/osteosarc/derived/044ea873bac84ec198a803cb07e6a28b920529362bba0ed635b88e73f35c9cc9/reads.bam	591db645f808d1f9a26990ee5543ded10e2df5cd7a61871130375bd0ce169912	9049047
cache/osteosarc/derived/044ea873bac84ec198a803cb07e6a28b920529362bba0ed635b88e73f35c9cc9/reads.bam.bai	c475ecca6c2c87f9dade57b09f46096edb21cf4c6236a2d52abe51221a3f41f1	62728
cache/osteosarc/derived/044ea873bac84ec198a803cb07e6a28b920529362bba0ed635b88e73f35c9cc9/receipt.json	308c93e110b07b4d9930f6ad409551fd4e8c7f95ccd4046b4cf9152b0011217e	18734004
cache/osteosarc/derived/2858d91ef29d2cc0888d640a58d3c23e40d971ce6ec3b4cddebc9915e7c81007/reads.bam	f18daee29c9788bdc9c3c5ed614b462b85d65455e0d9c6634c9888be0ddc1218	3067564
cache/osteosarc/derived/2858d91ef29d2cc0888d640a58d3c23e40d971ce6ec3b4cddebc9915e7c81007/reads.bam.bai	23faaf5660b39cf44446b5eacc0a346770c625587bc4cb18c2eebb7fb240214b	88576
cache/osteosarc/derived/2858d91ef29d2cc0888d640a58d3c23e40d971ce6ec3b4cddebc9915e7c81007/receipt.json	97c5d060f5b995a155aafa6a9be84f35cd6968c8d90c14a2a52a8ee881706697	6502048
cache/osteosarc/derived/66fcdf10639caa927544fc7103c46a762bf199887267c49d61d6555ecda09894/reads.bam	c32ed2957ab1160e4f59beeb15963b53ae31d59b575f89c198e9c832bc06ffb5	38716236
cache/osteosarc/derived/66fcdf10639caa927544fc7103c46a762bf199887267c49d61d6555ecda09894/reads.bam.bai	21f06bb3c731721d15410f14dcc77345dc1c76391aab120a74f279922317fc41	659616
cache/osteosarc/derived/66fcdf10639caa927544fc7103c46a762bf199887267c49d61d6555ecda09894/receipt.json	878a45fd1aa2eeaa484836d038e4d7ba9ba7cd1f56614014f17abe8a94c8703f	7184123
cache/osteosarc/derived/6a03606cca151d1ec12b2c0f50b09ebe5c16c5fc08fbbdced5ffe993d7b6e99e/reads.bam	9ad688b0761c3fa8f300d0c3b98625635fb4cc8a34e8bd8bfc8c9773be5c5ff5	609667
cache/osteosarc/derived/6a03606cca151d1ec12b2c0f50b09ebe5c16c5fc08fbbdced5ffe993d7b6e99e/reads.bam.bai	700c76c9eca2e3825ca1d3f64bd16fa877393785a44dabebdf5a95fe5ca10006	60336
cache/osteosarc/derived/6a03606cca151d1ec12b2c0f50b09ebe5c16c5fc08fbbdced5ffe993d7b6e99e/receipt.json	011bdbf47be3dae62bc349c2f1c9879d2166f8f2a7082f53f5150373cbaad2a2	638427
cache/osteosarc/derived/6a6020994768440149c6d8126b0702169e8f707fad354f4ad1908afe37615c7e/reads.bam	2f3d7c57b63e8da14ff8fbbce72cddcb12c2e8f703fce6f7173b1fd3dbae8324	32898734
cache/osteosarc/derived/6a6020994768440149c6d8126b0702169e8f707fad354f4ad1908afe37615c7e/reads.bam.bai	fa8d3b30a5bd4dbbb876538583717a6ac297b540ed4c1024aa3bb05c7b4bc779	64624
cache/osteosarc/derived/6a6020994768440149c6d8126b0702169e8f707fad354f4ad1908afe37615c7e/receipt.json	0ebd55898e296b9cb7bc3147e8b0b9583f49a83a20926f4a47e974804aa2b020	7722421
cache/osteosarc/derived/887d2fbbbb2740ce2dc3a85ee5cc89e684009716857ca3fe2ca80432a64677c0/reads.bam	71c1dae975219aab527d464d95e3b3481240aab5e47fe44be96ac7069f7b8b1e	1039275
cache/osteosarc/derived/887d2fbbbb2740ce2dc3a85ee5cc89e684009716857ca3fe2ca80432a64677c0/reads.bam.bai	d12d47f0f4fbd4838efd9e1f82e3b473a415767887f0996d71ef9936c2f67f2c	721480
cache/osteosarc/derived/887d2fbbbb2740ce2dc3a85ee5cc89e684009716857ca3fe2ca80432a64677c0/receipt.json	d17c6c5fef34916c725bea460957df5f278346d6037ed956e6ecba329a2706c4	794897
cache/osteosarc/derived/936a7c75b1b6821e0a7f680466479853a0b27ddaddce36bc723267f4c1fef69e/reads.bam	0c75f9f04e41d6d2e887fd913fb05a69c4a6a1e6f3a72e763293e4373408e7e1	761154
cache/osteosarc/derived/936a7c75b1b6821e0a7f680466479853a0b27ddaddce36bc723267f4c1fef69e/reads.bam.bai	50e3417675cac43fcb473505851874908083d9ea52c1d70c363115d004667365	254336
cache/osteosarc/derived/936a7c75b1b6821e0a7f680466479853a0b27ddaddce36bc723267f4c1fef69e/receipt.json	f268320bc3145f6e108ddcc37d719f1755f7ddfcc9b97a3cfad5c0a834dd6637	9693939
cache/osteosarc/derived/b1c1fc1db60472c90585c5fb1ad5a18d2d40c85a43220c811548d83f41693744/reads.bam	8fdf6d6445a72fb4691f16c452290996effb5ad99d4c8019ea12a7450d3cc22c	381220
cache/osteosarc/derived/b1c1fc1db60472c90585c5fb1ad5a18d2d40c85a43220c811548d83f41693744/reads.bam.bai	ac4a4a486cbede648c210f526626d85aca25f324e9d744178006ef931bf80e49	511328
cache/osteosarc/derived/b1c1fc1db60472c90585c5fb1ad5a18d2d40c85a43220c811548d83f41693744/receipt.json	065ab2a03af1be2a9f8b11d67e5c90ae56df6535ef6d212ecf716dba353beadf	352571
cache/osteosarc/derived/d60770d0f873137db83143910f6b6ce964940d68cbbc5fab0d64b9feec6479e7/reads.bam	3bfcfef48172ac2217b6e5c2712dd68a065a7e40c42ab803501ac0cf2a5f905e	2783498
cache/osteosarc/derived/d60770d0f873137db83143910f6b6ce964940d68cbbc5fab0d64b9feec6479e7/reads.bam.bai	682c113d7dfcf6d9f00ccbfdfaa3e0741e05dc548fb6394ec89a292276c726be	657576
cache/osteosarc/derived/d60770d0f873137db83143910f6b6ce964940d68cbbc5fab0d64b9feec6479e7/receipt.json	980de281d5a2672a7d98b76fc1bc6448cc0ba00ec2dcdf4121e3000baf5da7ae	6469630
cache/osteosarc/derived/da61238e8aa89399498a4eed3468ddab9daf4d6779b09fdd5a2c4ba6068d972b/reads.bam	bf6517500af197a0878a06479673e4097eeae405ff1cdfe50cb5eb24dc34d904	1626266
cache/osteosarc/derived/da61238e8aa89399498a4eed3468ddab9daf4d6779b09fdd5a2c4ba6068d972b/reads.bam.bai	9991710e799ff9e62f834094395aa43ef315fce294f889921b7b2f24c611dd97	229232
cache/osteosarc/derived/da61238e8aa89399498a4eed3468ddab9daf4d6779b09fdd5a2c4ba6068d972b/receipt.json	de20228325e6ea722f7ee58b9ae51cb89e1558eb75dc0b28a50c15bb8027c55e	21002128
cache/osteosarc/derived/db00dfc12d969a16a2a5b856f39b2d782967bddbd01a7fff9e200d7376b2ef8a/reads.bam	22c94f07183743510fc4f191b693b8e875422a28625628d5552cab643cbf7cff	1135961
cache/osteosarc/derived/db00dfc12d969a16a2a5b856f39b2d782967bddbd01a7fff9e200d7376b2ef8a/reads.bam.bai	209388aaa335eb329a52844fdecb55c49abc475b8e0b89c704856e3ecce0c41b	645360
cache/osteosarc/derived/db00dfc12d969a16a2a5b856f39b2d782967bddbd01a7fff9e200d7376b2ef8a/receipt.json	2b5cb4f7a603e7f35c0ec0ad2258c8b8969c355d0b8115a53532df25136b739d	16147119
cache/osteosarc/derived/e79b1f79a5ef85c0e98cf2f5b0c97ca8a89878f163bc05ca798e9068e5fa5239/reads.bam	ce9d4d1f6d2d9bf90c490b83dbcd6d228899d6f93f8e84938ee489b4cedad986	12549134
cache/osteosarc/derived/e79b1f79a5ef85c0e98cf2f5b0c97ca8a89878f163bc05ca798e9068e5fa5239/reads.bam.bai	d8e1009664f6cdd2207e99d991d26e1a4fefd8438d84d309172b47b9e7990034	89688
cache/osteosarc/derived/e79b1f79a5ef85c0e98cf2f5b0c97ca8a89878f163bc05ca798e9068e5fa5239/receipt.json	300bbf15ea1f2d19db10f72048007a9a6f72b479b5fad69948d8df80fe10f14d	2399145
cache/osteosarc/query-names/709ad94dc4215e0d8ec5f742e5322a29666681835385848b1b16be739c321c39.txt	709ad94dc4215e0d8ec5f742e5322a29666681835385848b1b16be739c321c39	1683
cache/osteosarc/query-names/7d1fda17612b0ad758c2f0ca1482c6bfb15f7d882920acbe5917a14f48dea00f.txt	7d1fda17612b0ad758c2f0ca1482c6bfb15f7d882920acbe5917a14f48dea00f	716208
cache/osteosarc/query-names/8ee3cc12b94f93d5ca27ebd4b90cb819d83c27fe314426f8360aa0994593a72a.txt	8ee3cc12b94f93d5ca27ebd4b90cb819d83c27fe314426f8360aa0994593a72a	817
cache/osteosarc/query-names/a7368e7bae32f343799b832597c1a45fca25288c81c56d265484292a72d1d5e7.txt	a7368e7bae32f343799b832597c1a45fca25288c81c56d265484292a72d1d5e7	70902
cache/osteosarc/query-names/fc4fae584d872c0313780f181f3d2fc735c2e7ded03a2a5df9565daa41683d1b.txt	fc4fae584d872c0313780f181f3d2fc735c2e7ded03a2a5df9565daa41683d1b	558233
cache/osteosarc/query-names/fefed35f6e1e39779625223ae561d4154dddf95f14fe52c4d15cc5414e87d10d.txt	fefed35f6e1e39779625223ae561d4154dddf95f14fe52c4d15cc5414e87d10d	330699
inventory-pin.json	3a949098b245d969a75ec71829693ba14a6d9ad71b5f132befc8b59e4ede1344	78
inventory.json.gz	fff27c19f062e1e1acbdeee4c4f076db6c7aaa7deee783c4df0b42a2762ee7b5	805286
parent-inventory.json.gz	121e8d1b29dc6f32b3556791b7468a5a600c469e9c8ad53075eb96e26fb3d775	804446
parent-priority-selection.json	81fa7d7b4f8b937abe0a0dae4bbeec47e4198d615b3651c956a76c44f90fdd47	1355270
priority-selection.json	cdc337aaa2617f267421ef3d98de39e021d6929360a0d5fdc7dcc82e4a51cef4	462443
reconstructions/40a3ceff825db98f490f303c67b1fad64e5594e16670e9ed43d7dc1c14be58fa/adj-191e5810b18446510e1bbd6b.forward.json.gz	522c904b604aa4e4c23744353da0a04677217a6bbad13de3dcda3832e0dd58fc	8104
reconstructions/40a3ceff825db98f490f303c67b1fad64e5594e16670e9ed43d7dc1c14be58fa/adj-191e5810b18446510e1bbd6b.reverse.json.gz	45353dea48538f2ded129a0954bc3b485ced8f2f5eb32b03cf90cb497ce6949a	8103
reconstructions/40a3ceff825db98f490f303c67b1fad64e5594e16670e9ed43d7dc1c14be58fa/adj-e7cac6d424ea83935654d789.forward.json.gz	441a676fd2c82610bf2fd9fa68ca6ff0d5c8e8110dce8fc3ec85de114ee28c6c	12470
reconstructions/40a3ceff825db98f490f303c67b1fad64e5594e16670e9ed43d7dc1c14be58fa/adj-e7cac6d424ea83935654d789.reverse.json.gz	cc9345e263ccfa3331d8f8118338296f99a670796b5193cfc4a00995f9a13a31	12469
reconstructions/58f81602ec2f87b86a032cf869f1abefc9f4235dbb1ce082e0b6bbc085b155de/adj-191e5810b18446510e1bbd6b.forward.json.gz	131e7c0566f02a7a451aa0b5dd7ac31a9dfb3cfdcf36071bc38253e1f38d2eb6	10988871
reconstructions/58f81602ec2f87b86a032cf869f1abefc9f4235dbb1ce082e0b6bbc085b155de/adj-191e5810b18446510e1bbd6b.reverse.json.gz	c3d329ccff42467179f60c991a247305f6f732856043a0b56456721a0225118b	9794062
reconstructions/58f81602ec2f87b86a032cf869f1abefc9f4235dbb1ce082e0b6bbc085b155de/adj-e7cac6d424ea83935654d789.forward.json.gz	002bac5eec0fdfcaf397fb46e2b80e9b6c580543fe2c3e0a6006efb2a4e7cb65	83615
reconstructions/58f81602ec2f87b86a032cf869f1abefc9f4235dbb1ce082e0b6bbc085b155de/adj-e7cac6d424ea83935654d789.reverse.json.gz	b8d4d34603a133c2fee66dcf8c51d560c50cbf8860d0663971eb7177e2951b90	83614
reconstructions/6e9147690525529f9591602afd1191f9862f4df16117a865c6726654456c9368/adj-191e5810b18446510e1bbd6b.forward.json.gz	642721cd596369598ec7225e79a5add7d17d0a4cde9e5a110381a879343340ed	5298
reconstructions/6e9147690525529f9591602afd1191f9862f4df16117a865c6726654456c9368/adj-191e5810b18446510e1bbd6b.reverse.json.gz	4e1ea3a6d04dd71932464b25a6b5273081c9843223be6d8e2209c1f55be53f83	5296
reconstructions/6e9147690525529f9591602afd1191f9862f4df16117a865c6726654456c9368/adj-e7cac6d424ea83935654d789.forward.json.gz	da4a78444d8eb198c41d88f54b86608445dee2fac315123c0c356cea6e7c678e	47626134
reconstructions/6e9147690525529f9591602afd1191f9862f4df16117a865c6726654456c9368/adj-e7cac6d424ea83935654d789.reverse.json.gz	d912efd790d8d9183f0dd105c7b349ab4823b90282a632ef0f94f32d21ac3ad0	46266541
reconstructions/8275c5f211640cb978ef5f54e7cf22e71dd96efc8a8f84fb14039c097182989b/adj-191e5810b18446510e1bbd6b.forward.json.gz	9b748f317147cfe8da657a9870897c94af8e47793caec45a5e8e3f6de4595b0a	23118
reconstructions/8275c5f211640cb978ef5f54e7cf22e71dd96efc8a8f84fb14039c097182989b/adj-191e5810b18446510e1bbd6b.reverse.json.gz	ddc4ec10d1edb32befe240812eaf171634193e4a107831b4bb4c73791851e1b2	23089
reconstructions/8275c5f211640cb978ef5f54e7cf22e71dd96efc8a8f84fb14039c097182989b/adj-e7cac6d424ea83935654d789.forward.json.gz	3571a6d891f21b821249fb3e8b8bcdaf264f12e79abe80e7b836e8dea4906dc2	7868
reconstructions/8275c5f211640cb978ef5f54e7cf22e71dd96efc8a8f84fb14039c097182989b/adj-e7cac6d424ea83935654d789.reverse.json.gz	3335b5cdaacba9f2b64ca1a2f00b2a57d9a95f830ef09d87bd40d0194980cd17	7875
references-pin.json	603205aa9eb3456686be6cdde446057737e5a12420100ef104f0eb25c3724900	78
references.json.gz	44d12e270c4e77e8bd1253d69ef704189f6ccb29ef0e982268d3de849a90e8bb	15782004
report/input-files.tsv	24a717aafea161daa5d114c45b71f88421c3d347eb3ea2f9f385e7d47182a35d	6415
report/priority-subsets.json.gz	2f2125d90273c1cdd6dc5f4c2c43fa2702c9b6b3cb3de720f8a83e5eb7bedccb	32073
results/40a3ceff825db98f490f303c67b1fad64e5594e16670e9ed43d7dc1c14be58fa/adj-191e5810b18446510e1bbd6b.forward.json.gz	d54444bbfd4dcbacd28d1a9f695666822fec851b73998caf38d9610a4cede23b	3032
results/40a3ceff825db98f490f303c67b1fad64e5594e16670e9ed43d7dc1c14be58fa/adj-191e5810b18446510e1bbd6b.reverse.json.gz	c7a457f418f995d8a6d3a92f6820e40b3513f1e11278f1c54c94444e1c3f9eda	3031
results/40a3ceff825db98f490f303c67b1fad64e5594e16670e9ed43d7dc1c14be58fa/adj-e7cac6d424ea83935654d789.forward.json.gz	a34174987632d93648e6b1d1edb7076d67f2d45075481a7d19939ac774e74605	3594
results/40a3ceff825db98f490f303c67b1fad64e5594e16670e9ed43d7dc1c14be58fa/adj-e7cac6d424ea83935654d789.reverse.json.gz	4ff07ef6a8c81de328cdc149c450ddb1f3f934668bd7671f2fb4891a28ee04b2	3595
results/58f81602ec2f87b86a032cf869f1abefc9f4235dbb1ce082e0b6bbc085b155de/adj-191e5810b18446510e1bbd6b.forward.json.gz	8be0f822a25f8b51ee154e56bf8ff3255600348f617c8096f6dfde99ae741eae	154600
results/58f81602ec2f87b86a032cf869f1abefc9f4235dbb1ce082e0b6bbc085b155de/adj-191e5810b18446510e1bbd6b.reverse.json.gz	049da7fb864f0a7dcdf307726e9c8c58c250476faedc8c5fe49f8cfbddb2d841	114826
results/58f81602ec2f87b86a032cf869f1abefc9f4235dbb1ce082e0b6bbc085b155de/adj-e7cac6d424ea83935654d789.forward.json.gz	5a8cb83375ea8d0cf27da7671adc3c3ec68b24fa973a85715fd743e842886227	3564
results/58f81602ec2f87b86a032cf869f1abefc9f4235dbb1ce082e0b6bbc085b155de/adj-e7cac6d424ea83935654d789.reverse.json.gz	4db3728136f910cad21a0f0a7fd96b626922813f7efbfde3a23bb2d6cef212ca	3563
results/6e9147690525529f9591602afd1191f9862f4df16117a865c6726654456c9368/adj-191e5810b18446510e1bbd6b.forward.json.gz	c306c13c3e5f901627e0152c6e7528620af05a4423f6031be03477760a7ceaf6	3019
results/6e9147690525529f9591602afd1191f9862f4df16117a865c6726654456c9368/adj-191e5810b18446510e1bbd6b.reverse.json.gz	53b32df4c26bbe64fe1f7d7290f9f2d12098c7f88ebfd1329bbd5909ecebc2d9	3018
results/6e9147690525529f9591602afd1191f9862f4df16117a865c6726654456c9368/adj-e7cac6d424ea83935654d789.forward.json.gz	373b8f83933334fc67eb587ff1343ceb47e9130951f022ccd08132437d3ccba2	246748
results/6e9147690525529f9591602afd1191f9862f4df16117a865c6726654456c9368/adj-e7cac6d424ea83935654d789.reverse.json.gz	8065cf6d33d52c9f33a27e0b668f4d4ad1860f11af61e0de9e7bc28a9ac47a69	23762
results/8275c5f211640cb978ef5f54e7cf22e71dd96efc8a8f84fb14039c097182989b/adj-191e5810b18446510e1bbd6b.forward.json.gz	8a944666f171d7d2f39d769024dcfb73396d028a23f47f8c1fa50ffbe97a23a3	19525
results/8275c5f211640cb978ef5f54e7cf22e71dd96efc8a8f84fb14039c097182989b/adj-191e5810b18446510e1bbd6b.reverse.json.gz	89b7104c05852f3a6bb40096caf888b14e227c5950736307983f953942eaf823	8567
results/8275c5f211640cb978ef5f54e7cf22e71dd96efc8a8f84fb14039c097182989b/adj-e7cac6d424ea83935654d789.forward.json.gz	c75fcd7d019b0b826467a39754e69c1d1f90f65876c4b8be52ca62d764851822	3543
results/8275c5f211640cb978ef5f54e7cf22e71dd96efc8a8f84fb14039c097182989b/adj-e7cac6d424ea83935654d789.reverse.json.gz	b3277eb53198456160b6f1c8407e67c6a745066c65c5a1a4d457498863d19f37	3542
search/candidate-screen-reference-pinned.json.gz	03e3ff3ec04ba95ecfb2d9a5cc1f25a63487042e43d54d9c4dc6276f8cf3e0ed	164311
search/coding-window-checks-reference-pinned.json.gz	fd185a2391f477230d2692606dd1ffbdd0086fcc7b4799c392eb667e3dfb7ea8	3389
search/variant-orfs/40a3ceff825db98f490f303c67b1fad64e5594e16670e9ed43d7dc1c14be58fa/014e83d94d890a2637215895fd004693d78900c676d54232c2df81d69f9c85e9.json.gz	e0a74e469809d8d66260e2ec0d0236a161b0ae01918ee22b1c1371e25b68cfec	2869
search/variant-orfs/40a3ceff825db98f490f303c67b1fad64e5594e16670e9ed43d7dc1c14be58fa/0d64c860da01526addc01f9f24febf1cd5e0a913c3bc513fc7e499099d96dc37.json.gz	1778fcd83d976e3a063df734fbb4aabab32eef6d2c4757ae29e6466bd7444b4a	1223
search/variant-orfs/40a3ceff825db98f490f303c67b1fad64e5594e16670e9ed43d7dc1c14be58fa/14de74bdcd5cc07a10bdada41f02cb71cb042b9e721dfbb8336ccbbaca023a90.json.gz	c015883444507d11a71d2f0e0c0a19101d680297bdcd6496d3358ea07b1ca8fc	1226
search/variant-orfs/40a3ceff825db98f490f303c67b1fad64e5594e16670e9ed43d7dc1c14be58fa/28eae3e681bf87b16d4623fc1e471fc66eda09026bb615f918c8e60f0ee2426f.json.gz	2da6fa5c9fb08506da8f4d4e1322cf67d304675859f0b27991ab2f8349fe79d6	1234
search/variant-orfs/40a3ceff825db98f490f303c67b1fad64e5594e16670e9ed43d7dc1c14be58fa/467c239099bcba71069e3b8bc9c6358f7fc8f502ed5156c57ef216a912681eeb.json.gz	fd869c528f29c41f570432423a01e0441b185f21cc334315c653366d9e45f769	1223
search/variant-orfs/40a3ceff825db98f490f303c67b1fad64e5594e16670e9ed43d7dc1c14be58fa/4adce153206ac2fb691b8bc876265532796843d0edb5142637663df907db560c.json.gz	665a0da4432021a466f0e0b7b5e69de7efb84c8110253319d208eff99624cca5	1284
search/variant-orfs/40a3ceff825db98f490f303c67b1fad64e5594e16670e9ed43d7dc1c14be58fa/508b74a7ffb321b7d1bb72b04dbc6d2027a472a5efc78d839359c1d3c669b402.json.gz	96a4a9b1c5d8ff0dd99f2b4218f86e59ef0a0345cf9f1befd6bfe54e8df0d20a	5479
search/variant-orfs/40a3ceff825db98f490f303c67b1fad64e5594e16670e9ed43d7dc1c14be58fa/539413540bba5eb161df13288a52b53cafd014251500bd9588103b3721719d51.json.gz	335035ad874cec8047f6f55b31e6a8938bc4367707e2ac4c58e8e962743ea0fb	5830
search/variant-orfs/40a3ceff825db98f490f303c67b1fad64e5594e16670e9ed43d7dc1c14be58fa/59c7abd03b9b5ba3ced6f51f0b9f77c5cbd3841a97c5c20ef3de07393841db13.json.gz	d10a5ca1bdc9778a4daa1238187ceb0a1c843d935d09592e2849a7918591ed4d	1225
search/variant-orfs/40a3ceff825db98f490f303c67b1fad64e5594e16670e9ed43d7dc1c14be58fa/5bf797c1c9980278263a03177e4fe3281d2aa83e13b4b5ec5ecc1510fed7144a.json.gz	bdd0c8585f5057e710cc707fc5a6bf0ebdb40102b72731c99095cdeb6a9576a5	1234
search/variant-orfs/40a3ceff825db98f490f303c67b1fad64e5594e16670e9ed43d7dc1c14be58fa/5d6520806c04739e0753af348f3854f8b2cfbbb358faa92313e3d816a27a9832.json.gz	30aa9198dd6b567929ced6a493c00123b61d5b10514bb28de7fe098247373e60	1228
search/variant-orfs/40a3ceff825db98f490f303c67b1fad64e5594e16670e9ed43d7dc1c14be58fa/72a66c42d6d8c365507fbde8259050198a65b8c70bb6dc33994feae5dc73945c.json.gz	1d6b34fdaf643cf6e9e06422d841bd20f84b3603eb2a3913d522873f742451da	14582
search/variant-orfs/40a3ceff825db98f490f303c67b1fad64e5594e16670e9ed43d7dc1c14be58fa/82dd4fd5b9da2cafbb888aac57ad8c79ddae88f9ac68c2c3a211eb9b62eba93c.json.gz	e2846ac14b6836eeda6d0e672409855aabb9fd99761ee1bdd9580277015315e1	1237
search/variant-orfs/40a3ceff825db98f490f303c67b1fad64e5594e16670e9ed43d7dc1c14be58fa/893cfe801c3a86662953e036caa771fca6e5c60d8e7bbde72827c363f791ce86.json.gz	cd2a90a1b67a6f6a1384f2fdf9c08bb1e10bd33dace7590388a680bc4eaeccc7	1241
search/variant-orfs/40a3ceff825db98f490f303c67b1fad64e5594e16670e9ed43d7dc1c14be58fa/89fdd09689cfbb62bec8dd13d4e8a3ee224b5989466ff11367226b8ceafd2ea5.json.gz	7c808f6419510f70d3222e1ba24e5bd6f86562e58c5c0c4261d78e92a0b90fe3	1229
search/variant-orfs/40a3ceff825db98f490f303c67b1fad64e5594e16670e9ed43d7dc1c14be58fa/93490b5e99d8a0ae1525b9e8acb22659e0b651b364d678274cf643540b8beda1.json.gz	4fadd8f9eeae06ce1c05f04f23d991160ac69eba13e0c09b5c4ad069c6b00f95	1233
search/variant-orfs/40a3ceff825db98f490f303c67b1fad64e5594e16670e9ed43d7dc1c14be58fa/976e16510b11b16b1bfe4f4d40fb36061a6422f51d5169c1244f5518f28a60a8.json.gz	025c778c6ef1e6a7f7d15c574c0a98a86d3996cda47fb82556d91c804c1f7ea2	1279
search/variant-orfs/40a3ceff825db98f490f303c67b1fad64e5594e16670e9ed43d7dc1c14be58fa/a6dbd028730308a0babc75e2291167a0011daf4b35c894d631820e4cfaa289b3.json.gz	f7e875f1f72442e28792997190b77d8989d70c00b9df6b1fc717b09de4b4bee2	1230
search/variant-orfs/40a3ceff825db98f490f303c67b1fad64e5594e16670e9ed43d7dc1c14be58fa/abc5d9f788eb237505d43da99ef1b44b13b91763e989015d0bc41630436b3308.json.gz	1f99eca592bb1e8b4933baecca5473d5cc461856f6808ea4c0614104faf6e443	1245
search/variant-orfs/40a3ceff825db98f490f303c67b1fad64e5594e16670e9ed43d7dc1c14be58fa/b27debb838def49d00eb688d33f25fb5018558e2033146d09e72759d18b7ce36.json.gz	d3d36270b0fa49fe768c7ce9cfb4a083f09d362246cf0847b369ccaccf461187	1223
search/variant-orfs/40a3ceff825db98f490f303c67b1fad64e5594e16670e9ed43d7dc1c14be58fa/b48ce1c680c2cee506a78dbfcd424b0496c4cf876329ca1d3006a35c179acb73.json.gz	57b00dec92b8f07c055a9b7181d340addc45ca08d0a6a0d7d10e651e34c57d9a	1235
search/variant-orfs/40a3ceff825db98f490f303c67b1fad64e5594e16670e9ed43d7dc1c14be58fa/be20edd3a1fd17535e280cbf74615cec8f0660328d42df40c1221e289195ccee.json.gz	c0c2ce35c658ad9b6ee0c5a182684c8c8a76155db7bb9cf357297c07145d1d61	1250
search/variant-orfs/40a3ceff825db98f490f303c67b1fad64e5594e16670e9ed43d7dc1c14be58fa/c29822581005551b48ffaaf6aa0cec7f303070c494539512c74aa5f5b890c9dc.json.gz	02205bf8328af1a0760d712ecc005206b0136d39693774690a5dec8c6b946501	6919
search/variant-orfs/40a3ceff825db98f490f303c67b1fad64e5594e16670e9ed43d7dc1c14be58fa/c6f685d3049462344b4a5b5247616c73c87dae71e946569b8e9fe3483cf46e32.json.gz	9db0ef0e648afaf438ed4940f39affcf631df4559872a0c50a03d0e56adc1129	1237
search/variant-orfs/40a3ceff825db98f490f303c67b1fad64e5594e16670e9ed43d7dc1c14be58fa/cbdfa6c1d15c974468b3aa8a4c52529468db231b86670dbc56a0a06f7c8dafd7.json.gz	37dbb3beec5f48ccd4e56e9a56ea437e0327cbf3b689f7885f7d40fef915f3d0	1257
search/variant-orfs/40a3ceff825db98f490f303c67b1fad64e5594e16670e9ed43d7dc1c14be58fa/d23e7d29b866db9a99178572ce99c30e0f9ced411e63b1466f9d732528b6b0da.json.gz	354a61f122511a3ee4b1589f9af481c3159a199ba851f4ee43c227fd83b730a4	1223
search/variant-orfs/40a3ceff825db98f490f303c67b1fad64e5594e16670e9ed43d7dc1c14be58fa/dd92c72029c0950bab71532960f3afcf3d275f173679fda600c73ee0e75cff88.json.gz	14c90274456be343bf836dee6a3b19363751853cb1d10e19b3409954ea9c0dd7	1552
search/variant-orfs/40a3ceff825db98f490f303c67b1fad64e5594e16670e9ed43d7dc1c14be58fa/e61b308d078cafc8cd8482c22a38c1a89f09f71ec822d0ab1fda407dee40658d.json.gz	f7d851c34dcdd73be7588fc33b1f83224070046f1ed4ce12971aa9a2ad9153a6	1231
search/variant-orfs/40a3ceff825db98f490f303c67b1fad64e5594e16670e9ed43d7dc1c14be58fa/e6fc9ae68893e8931a4f77892e4674b2b8937a8c42d820cbb745db05a8525098.json.gz	f8c5fbc157120d8d805be8226c3c02acd3d8acf681d47a3d19826a13ec3dc6d9	1223
search/variant-orfs/40a3ceff825db98f490f303c67b1fad64e5594e16670e9ed43d7dc1c14be58fa/fc6bfe26cc999610d4d4179d63e38adb40c3899898e8eaad68097e0eb44b733d.json.gz	1cdaf941a738aefddfd2e7f80e4a17f28b6391d335f81bacbd2a68423794dd95	1262
search/variant-orfs/40a3ceff825db98f490f303c67b1fad64e5594e16670e9ed43d7dc1c14be58fa/fdc05b5661ce8a89c1d22d4247941adefbc6c6d433ef1670c9d47208d9affa4e.json.gz	f9647ac40b65a4cc6ee55f1c0c40811f23550245386024a46776b78c2e5e79e2	1243
search/variant-orfs/58f81602ec2f87b86a032cf869f1abefc9f4235dbb1ce082e0b6bbc085b155de/026e35c351444867c04042b449fedbdccfddae49f2d39dea46bc8eb139d84279.json.gz	7da179bd2943d00bfdd54e8d9ae9a45ba1c2052a0c2a029e5d95bdba50df50af	1234
search/variant-orfs/58f81602ec2f87b86a032cf869f1abefc9f4235dbb1ce082e0b6bbc085b155de/0868f9595c35bf061c9543dd955b080b016b9dbbfe085d6dc6b4f868f3dc3641.json.gz	370f62b5557d08b321d2b4cedb79b964c082a449fef5472bcf162194ce32a27f	1238
search/variant-orfs/58f81602ec2f87b86a032cf869f1abefc9f4235dbb1ce082e0b6bbc085b155de/114843b5627eb69f8c5d13bee77858448ffbbeb023a35608a4d510b956dc6eee.json.gz	9bc0af0c29c2812d02a79b1bf17ebc086532e58cb3fe65cd991ae9516d36f856	3094
search/variant-orfs/58f81602ec2f87b86a032cf869f1abefc9f4235dbb1ce082e0b6bbc085b155de/118c6a953c6c302c4001cf4ec5cbccd9b94f1ad8b1126e2307a378a21e5ed367.json.gz	a046fbfe38f83266a9510411d2c4f05b9d1990d5cfc63eb7f98cd23597d3b809	1252
search/variant-orfs/58f81602ec2f87b86a032cf869f1abefc9f4235dbb1ce082e0b6bbc085b155de/13e594c9484609ca7c1c125685685454a69f8a982372752a2ad39835d9bf0179.json.gz	45ec541707255f32ae603e602eb543f7cdaed00d7f0a19a2a3537acd8cdb0980	35422
search/variant-orfs/58f81602ec2f87b86a032cf869f1abefc9f4235dbb1ce082e0b6bbc085b155de/17db5a16f1eee81891b47a8d1446f8c243e2e9e5e762ff27fff4cea0fc0c1d72.json.gz	c7df434a8008dc697e01374d5f6bf810cb4437e4181e4552db4e33ce41d6ccce	1245
search/variant-orfs/58f81602ec2f87b86a032cf869f1abefc9f4235dbb1ce082e0b6bbc085b155de/20e687d4b4ed2ce224939f55054092d9455017512f605d15dd23ad7604dab058.json.gz	b036e91c3391bae3b5b7ef8ae6a1823abfcd4c1b15796ed443609bc5307488ea	1092980
search/variant-orfs/58f81602ec2f87b86a032cf869f1abefc9f4235dbb1ce082e0b6bbc085b155de/25048481f4d67fd1688135e31ea79ced9d59f5862d2a8f969f28509421efe25c.json.gz	8481490cf185ed0c4e034bb274e57728ec348dfc3c28aabadf64ccd2366d83f4	1230
search/variant-orfs/58f81602ec2f87b86a032cf869f1abefc9f4235dbb1ce082e0b6bbc085b155de/3c7038dece3c51a0a8cd9d22cf41ef4991924cfd1a6e31f471b41332e316cde1.json.gz	e43e2ef870e861ed0a318cd2b4ec9b3d589df64356b6d17afaae60d10af00a26	2194
search/variant-orfs/58f81602ec2f87b86a032cf869f1abefc9f4235dbb1ce082e0b6bbc085b155de/42bad77bad18e106ed5124935bb8e14cb1de26cc632bf43636ec5a35107fc266.json.gz	65dbb8d01af3544857342204c1d15c6e2d35e9f62e3e711218c88c6b6e898eb4	1241
search/variant-orfs/58f81602ec2f87b86a032cf869f1abefc9f4235dbb1ce082e0b6bbc085b155de/43115c5427265d8b6da8ffc05a0f25cc41ceb160add85016fa7c0efe3fbaa0ba.json.gz	97188cbd557f378ecebd90de62e07f8634c69835e2cbc9b7ef2a46f0acc1df93	1252
search/variant-orfs/58f81602ec2f87b86a032cf869f1abefc9f4235dbb1ce082e0b6bbc085b155de/47ce9b964f21c7c9e9dc2ff0989f2abd2cf3dd0f4cecabcc51a033770531fcde.json.gz	5417501a8d33c226f320d499691b9bc84665011735d02b99cc0048ec8ede7501	1230
search/variant-orfs/58f81602ec2f87b86a032cf869f1abefc9f4235dbb1ce082e0b6bbc085b155de/55d63f7ee36a46f3abf58c0160311216968665f92cdb5ca570919d52a5022036.json.gz	639918b7b5c63a78cc87693b4a354aacfa666f75dd15bff6ff1c006a280726aa	1291
search/variant-orfs/58f81602ec2f87b86a032cf869f1abefc9f4235dbb1ce082e0b6bbc085b155de/848b12f9f3de839f31440a0ed5918014bd5972f0429a18c3dd338e11541d7561.json.gz	d1f001b0e78e037c651493ff5159782a28a90448ef44b92007a3a02fa3d3e6f0	1242
search/variant-orfs/58f81602ec2f87b86a032cf869f1abefc9f4235dbb1ce082e0b6bbc085b155de/88cd3bb1e2ca69cfd4a8a4f2d3f7b31939e551734e6040d447c7c4f2d8e4bd7f.json.gz	bba7f2e751d5d697e9d48430e107061b2723b1ca3b0707c032daf0144e054293	3428
search/variant-orfs/58f81602ec2f87b86a032cf869f1abefc9f4235dbb1ce082e0b6bbc085b155de/8cd8694ab5dfc66325c84c4edbe53a86af13f230c54d6fe0d3330cf27492d839.json.gz	63864da259c4f9d81fb5ebc468194fce0903c7b38f72ec4a5a4a6240120d29bc	1238
search/variant-orfs/58f81602ec2f87b86a032cf869f1abefc9f4235dbb1ce082e0b6bbc085b155de/9f645cf3d2e90a03c2d7d3fadb757a16ca215f0255e976e205410d26db4c8da1.json.gz	cdd3fb20d02afe3a977a4d7bc9f5d7d6d3f44769fce81b0960ff64baf2a98445	1236
search/variant-orfs/58f81602ec2f87b86a032cf869f1abefc9f4235dbb1ce082e0b6bbc085b155de/a29e64d40ce18883dff4550ceedc147588726914038a944ec2c29a2389b8f30a.json.gz	14ee6f75a285aa54b7c4b7c372f5e0af9f92ecc746a6f14f16f98835dd300fcd	1252
search/variant-orfs/58f81602ec2f87b86a032cf869f1abefc9f4235dbb1ce082e0b6bbc085b155de/add5a2025508e3b7f2b4d3395b65dab5847e77068a01b3fe63094d96cdff3acf.json.gz	268c943e4e905fcc5bee57bc47160d00d8a0e98e8b50d2bc195b7e76801c629f	1231
search/variant-orfs/58f81602ec2f87b86a032cf869f1abefc9f4235dbb1ce082e0b6bbc085b155de/b55ae44d8d361581578ae80389e220b1e006b2b85ddc42965c3c2d271500ce05.json.gz	67f630dbd1091f8e921630e71fc9826abb41dfad7ec032e51a512c889daa63c7	1240
search/variant-orfs/58f81602ec2f87b86a032cf869f1abefc9f4235dbb1ce082e0b6bbc085b155de/b68b736f266c0d438d8af107f197f908e95e30e1478fb57bfe7b56b3722c2ef0.json.gz	2289da80589fc5b8b2725faf73d7a77f034ddad4be96b7c1088c72a9de73fc85	1238
search/variant-orfs/58f81602ec2f87b86a032cf869f1abefc9f4235dbb1ce082e0b6bbc085b155de/bda93254c1e3376340f7fad2354095f5eef32504767e919da8685278250539e4.json.gz	ef5781b80997108aee4a2f4b5aa0372616160f6716710c0db6a91a3dc5aae5f0	1561
search/variant-orfs/58f81602ec2f87b86a032cf869f1abefc9f4235dbb1ce082e0b6bbc085b155de/bee70dad2bad350d10593a311c5dfa1f414a1918220abe053bb8a86dfe620840.json.gz	0168e1cdc77fdecea948cff352f0077905fa662ca4435f1b87424d0cdeafb036	1251
search/variant-orfs/58f81602ec2f87b86a032cf869f1abefc9f4235dbb1ce082e0b6bbc085b155de/ca44f5d378c8a001d53b0df0596b87677bfc3fa09c27721d2fa8ee8886c27823.json.gz	2919c0e0815bf1182a93880180bf853ee9dd13c5ddbb3dc798726d585d53ed13	1236
search/variant-orfs/58f81602ec2f87b86a032cf869f1abefc9f4235dbb1ce082e0b6bbc085b155de/cd762670388bfd93cb4d4317fa1c2e55f845183cb8b20cc19955afdee6f97efb.json.gz	7800d38c95ea58f361335dc1600d3ad9f847495910fb03d334a30dad9487f786	1268
search/variant-orfs/58f81602ec2f87b86a032cf869f1abefc9f4235dbb1ce082e0b6bbc085b155de/d3ce9fe3282f80ce674aa06cec44274ba28217f0c1cc9acaa30b7facbdc26e82.json.gz	90a370c909986396b8f9cbb9cdca37828f4129553fb1e57edb82b6a7a35f25d7	1245
search/variant-orfs/58f81602ec2f87b86a032cf869f1abefc9f4235dbb1ce082e0b6bbc085b155de/e7e08e678a12b2ae6b3ea812cd8fa4d980d190fe2c50f5d45c5a7781b7ab0e33.json.gz	e38ba27533941e88ad2f1524bea5f6856081634b105726ffbebc5455753a9bf3	1233
search/variant-orfs/58f81602ec2f87b86a032cf869f1abefc9f4235dbb1ce082e0b6bbc085b155de/e8a606f08535be7fc87d33b433eae36a7af19b72aa736be2bb90eedefdc49a53.json.gz	d622603e1da48873ce30ec124d098012ddda6e017e59367a6d2ddd53e71c56e7	1287
search/variant-orfs/58f81602ec2f87b86a032cf869f1abefc9f4235dbb1ce082e0b6bbc085b155de/f44ebc8bc60a3afafa6acec717a34b809e5ca8eda3deb183599f1d87914d5fce.json.gz	7f6518c225e45b346e66b8514f936d56bcb851df560d52eca888966c8a795ccf	1259
search/variant-orfs/58f81602ec2f87b86a032cf869f1abefc9f4235dbb1ce082e0b6bbc085b155de/fb2f65320fa905c05be0e64d8829fab0bc3e1227013dc0092cfea13ef4cf0b33.json.gz	634e14a7f3e2d2e3cf9b888317e3ac04f71cfe106354f4cd3904954124d7403b	1239
search/variant-orfs/58f81602ec2f87b86a032cf869f1abefc9f4235dbb1ce082e0b6bbc085b155de/ff96bc1e9c1a980cb7eb57ea47fe6681fd26a85f9758a73a9fc476c0cc96a75a.json.gz	c9f4c70a0f68291b7f4c778b399149dda66e3835a7833aa77c2b79580368b09d	1230
search/variant-orfs/6e9147690525529f9591602afd1191f9862f4df16117a865c6726654456c9368/0570ed194949dfe0ddc5dc6e183368519483031947c1c2e59ade43fb16935500.json.gz	4d4e0cadf78d79774e59d62ead111fa3800e26fe3a046de87840faa5cb61ecf5	5876
search/variant-orfs/6e9147690525529f9591602afd1191f9862f4df16117a865c6726654456c9368/07233c67c3b6da0c38ad0ac75f83d1f1b32a253336b9da6a1448100b01789c1f.json.gz	77b8138749424aa6f4363a00243cbd8efe3f589bc1a827492a80e4f4d07d5a7b	1228
search/variant-orfs/6e9147690525529f9591602afd1191f9862f4df16117a865c6726654456c9368/11387560ea33cba1016380d80f01c5f7f4976eafbe28d070d1f7773cfc5f8078.json.gz	b052433b4e0530f1991517cb04cf3312e406dd40d511c2bb9e7eabc3ba801755	1235
search/variant-orfs/6e9147690525529f9591602afd1191f9862f4df16117a865c6726654456c9368/13f9215187748e258a385bf09679acd35352b742935df2401c8b4e7289443279.json.gz	b9f74e1210377202a81e80aa36355da207badaadfbc8ed20398f6d04e03e827b	1238
search/variant-orfs/6e9147690525529f9591602afd1191f9862f4df16117a865c6726654456c9368/1bc22ec0e3332b77bc4e514afb6255b5339c74ccbfbdee47869d1ca1f8beb350.json.gz	6a6d7200e788c936d61e2ccd788f37f1d2dd5683e33ea56732f89846113ae00b	1227
search/variant-orfs/6e9147690525529f9591602afd1191f9862f4df16117a865c6726654456c9368/1f0303421f48329e07d0b676ce709238b4c29969b41d0c728924229111cf5f87.json.gz	22ec792347409e47a37542d366bceeac96f0bf90270852753870720837c714d5	1247
search/variant-orfs/6e9147690525529f9591602afd1191f9862f4df16117a865c6726654456c9368/20e55b9f4e72956dd43060d95beb3659710df4a25d73d298a325a94536ef2e5b.json.gz	a65ca9ef50e99a2db439c0b913e33392f66b08f4f6878b51faec7b51eb30f396	1288
search/variant-orfs/6e9147690525529f9591602afd1191f9862f4df16117a865c6726654456c9368/3050b1a6e9f5e4908391c40a97098c09616a10e08b970d4e8459bb39fd607544.json.gz	2944deaf7935e28fdf287978786c86d8bd94da35822a74066f69ba58ed251eeb	1253
search/variant-orfs/6e9147690525529f9591602afd1191f9862f4df16117a865c6726654456c9368/41937f9979b4e985f74728aa34f7a0cbde4f68804e8d9f5dea160992317aee6e.json.gz	350a97ca6f23e21e4a7edd21910a82e068276f7b04b8ffd95327d5aa8029ac07	2002
search/variant-orfs/6e9147690525529f9591602afd1191f9862f4df16117a865c6726654456c9368/591dd2d0cfdb139f9f6e5e3c8e3f477f503952942c19fa3ed7bfb49364a3d71e.json.gz	3243d16b8d2fafdad95141befff5b61ba98f9d311405507be756312001fbb105	1784
search/variant-orfs/6e9147690525529f9591602afd1191f9862f4df16117a865c6726654456c9368/5c0f330564f3ddff9debcdb57a60b2179db12da634bf6304d8e6539528413432.json.gz	de6364d6690a5ee71b38bb40fa38b9fcb03e4f68922d6274a7872625a87fd5c3	1281
search/variant-orfs/6e9147690525529f9591602afd1191f9862f4df16117a865c6726654456c9368/65533a2d264304695668f9e99328ce103f424452b253eb4ce3a346708c11e78b.json.gz	f2ed68a68d41644d915f1bb43e03099f5aa4f2c7b813be419f059f22a1f5dd8f	1235
search/variant-orfs/6e9147690525529f9591602afd1191f9862f4df16117a865c6726654456c9368/6877b1381e759f243490f27a0352e51424f9f8ce0ff7cbcc1fdf117d4cba8458.json.gz	fc44ea9933aad3ea5c04a9c31a288371f8ef4abee20ef9d0ee54e33cf179eb66	1250
search/variant-orfs/6e9147690525529f9591602afd1191f9862f4df16117a865c6726654456c9368/6c12a093638a0008493b2da04a65af41163dc2675e9d86e419e3587cd6e85e79.json.gz	f8a17cecf12ad5566a2ce103bdf75a00c947e09e06cba9af5e309f263429c1ba	1229
search/variant-orfs/6e9147690525529f9591602afd1191f9862f4df16117a865c6726654456c9368/6e959302a986d77dcc05f84cd877a91a576638b645141071bea2835ead03b549.json.gz	9b0e07b1c32895b16d257f6b9b4ed71770435a3e83c2393d08426aa51b8cd958	1242
search/variant-orfs/6e9147690525529f9591602afd1191f9862f4df16117a865c6726654456c9368/88c9f2e93b9c3f27830af06233c5ed0f55525508130970122f6cf08ff68d8e1e.json.gz	9b93d6578891e818e688099f05cd0abed264d59af59b6d49b3e68807a7d33d8e	1240
search/variant-orfs/6e9147690525529f9591602afd1191f9862f4df16117a865c6726654456c9368/8e4af49f0acdaec43100964933b45215602de63e609326804b392b259d21792c.json.gz	1f6db6a287ec16fb3477add1d8c5cfe7525d0f39648c18400fbff23ce52d2a03	1551
search/variant-orfs/6e9147690525529f9591602afd1191f9862f4df16117a865c6726654456c9368/91669706155976dcd79985447aa1f9173b27a5269fd8c64c3faad3bfb4abdd31.json.gz	51a157b1890d5b8e723c07747f1b4f9dc24c2567b4caf30eb5b73f6547f81836	1232
search/variant-orfs/6e9147690525529f9591602afd1191f9862f4df16117a865c6726654456c9368/98d91f63fb173af18f5b4f277f5b928d89cb4bd8ed06d98d0e1c0b53312623ab.json.gz	8550f733c5ee8b22a086c48b23e78bc995505c0d0eb61423ba21e8f8d8789b55	1260
search/variant-orfs/6e9147690525529f9591602afd1191f9862f4df16117a865c6726654456c9368/aec1cac05480fc4c2f4c8751e4f772693d44f07729fda46e454d4c46bf0236ef.json.gz	c44fb76c18196a23a52d20f0f9bc4183604a1e1329be1aae1926a24e765e2bfe	1232
search/variant-orfs/6e9147690525529f9591602afd1191f9862f4df16117a865c6726654456c9368/afc88c29a2d85fa63d5223850f797b2855f7cca66e8a51c398d1d9e204fa1165.json.gz	3a9c0c45d014412201ad32ca8e91df26454ca768f28cf38d2e70f3f1426157ec	1248
search/variant-orfs/6e9147690525529f9591602afd1191f9862f4df16117a865c6726654456c9368/baa22b2c1a1e62be4d26ac2201a946321f1ef8570755d0b16502d0082bcb5a38.json.gz	e79ba98fc649d51180f26b936bc3183f68f73a73ceef9f4157c69c4f8b849d73	1232
search/variant-orfs/6e9147690525529f9591602afd1191f9862f4df16117a865c6726654456c9368/ceb4997ea78c6c492a269bb6299941fd3d6cc08e3a96c460d6422d8f3f02736f.json.gz	38becdc3baeda8461627054fea1c6f093d3915e6a5499e2c475cf4b817126af6	2276
search/variant-orfs/6e9147690525529f9591602afd1191f9862f4df16117a865c6726654456c9368/d7535a1c1ddc2aeaa7ac88a5d47a5b5b7fe0a7ce81cfc841cb967fb07db8e0b1.json.gz	fbe3fe55acc3d715ddf7e532e5b5ed4e704ad8c300d57d2103403b100f9789d0	1240
search/variant-orfs/6e9147690525529f9591602afd1191f9862f4df16117a865c6726654456c9368/d99f6c5ec1ff47372925d9b0ad10f00cf419be09a4efbc084f46b21ab85522d1.json.gz	1115ebcc72f9687a89d82122f7b2da714a057457d0e93c3121efe8e1ef71a370	1227
search/variant-orfs/6e9147690525529f9591602afd1191f9862f4df16117a865c6726654456c9368/de819b2ea81b2cfed54d0d5de5384de951656d64d51b6865c6eb6ad445687683.json.gz	7d54df813bd499ed8e00131b1517a9bf623e1f5cff790cf95f5ce99af91441cd	1227
search/variant-orfs/6e9147690525529f9591602afd1191f9862f4df16117a865c6726654456c9368/e4208563a2be40319774c086d3ee93357c30bb3671152a6aba40187b8f636b95.json.gz	7aea959252da0f7ed56b8e31cff5fe520b93e9d254a74e1358238ce915892a0b	1232
search/variant-orfs/6e9147690525529f9591602afd1191f9862f4df16117a865c6726654456c9368/e793319727ffe3efba1335dadef3ae276dc509832f88886d9a1d3b4df87c92b2.json.gz	13f98b423a7488027dc713fc149979011ccf74a323732b4d133b55940ee9f682	1237
search/variant-orfs/6e9147690525529f9591602afd1191f9862f4df16117a865c6726654456c9368/eadc83f8353a5dbae48d94f7002920cca045d87271ae60413a94120f65f2d3df.json.gz	1ae36a45a355e1d5831dadd34d3d4342d16c2f0d2d51001c0f9f53d106fa65e5	1260
search/variant-orfs/6e9147690525529f9591602afd1191f9862f4df16117a865c6726654456c9368/f63d46095c3e4f5bdd699a70e3755798bb3afe1bb21a2180f7ca067dae7981a0.json.gz	f8d2b9c4a00ff78777e55e3a97b7a77590d4abc3120b906edaf4313651712b42	1237
search/variant-orfs/6e9147690525529f9591602afd1191f9862f4df16117a865c6726654456c9368/fa8850f2f866eb32f95ce2fc1598dce7eaa69c916f194786bd2dc71f7f397809.json.gz	24c84ecd112d9ea62841792783ab10ef89d9f2aa77d4739e83eb749d2044ab72	1249
search/variant-orfs/8275c5f211640cb978ef5f54e7cf22e71dd96efc8a8f84fb14039c097182989b/01fdba766b192f8dc3dcb2292eac759d7fc38aaabb51defc6722ab19ae4602d7.json.gz	34f41b05b4eeb285a54b81f9d971a647638947f074dec4f9524b945724a20fbe	1251
search/variant-orfs/8275c5f211640cb978ef5f54e7cf22e71dd96efc8a8f84fb14039c097182989b/04ddef7b6d425fb18adca08563becdde5474e405492f58986a883801f2d80c7e.json.gz	9884149f16a7924008e7e9f2551f4087b48b6b5bb2baf6e58f2fe8f3e997f8ce	4306
search/variant-orfs/8275c5f211640cb978ef5f54e7cf22e71dd96efc8a8f84fb14039c097182989b/07afa61d02ae85851fc22ac9f78469700f877bf550b4e439acf66419179d7775.json.gz	17c40d99d5a79347aed9ea17fad374df5ac322e0f7353c42ff12157962a0e915	1254
search/variant-orfs/8275c5f211640cb978ef5f54e7cf22e71dd96efc8a8f84fb14039c097182989b/17e8c13c431b652ed59451ced67235f257310ab5eb6950c0c571f1c514a47a3b.json.gz	8f80ea08a6864af730b3e916fe33212b942c952454af69605d037ad594583b97	1231
search/variant-orfs/8275c5f211640cb978ef5f54e7cf22e71dd96efc8a8f84fb14039c097182989b/22cb08a08e79b74f2d7b1ba85409f639aa1720d0c8cfff3bdbf06642ded25ce2.json.gz	cb72fa154caedc10262fdce41c94595ae4aa011fd66d86c7e535c4c49448f8e7	1236
search/variant-orfs/8275c5f211640cb978ef5f54e7cf22e71dd96efc8a8f84fb14039c097182989b/3a63912ddfdf08ed687bcefa2bae6805dd4eb9c7716c5b967a4c811928d93be6.json.gz	3b8558945ad1fbe4bae0e1a28153aa713d5ee0c68a888390201a36df265d8059	1251
search/variant-orfs/8275c5f211640cb978ef5f54e7cf22e71dd96efc8a8f84fb14039c097182989b/3d9007a7286cb3ab6f2b2fc93cbc04ec3f457e9cbd50d1d487763213396ba7ae.json.gz	f0f8fdf9eddb3498cf5ca2ada889501c49fed9ec32c5f6947c99e0c8a3847b7a	1239
search/variant-orfs/8275c5f211640cb978ef5f54e7cf22e71dd96efc8a8f84fb14039c097182989b/3ee12cb32db1e2f7f0e63cc9b102a82385e23ae1feb8169a5c9a1c0ab158efc1.json.gz	7530e256697643400e5ed7dacce88a270fa744b0dcaf50d65c71f8b9045c9cde	1234
search/variant-orfs/8275c5f211640cb978ef5f54e7cf22e71dd96efc8a8f84fb14039c097182989b/426b789afe3847ed078866aa725381ac1349f141bc98806f184e31537b08857e.json.gz	03021859485d422ce3460b622e75079036186b8b4db3ef40fe7f8754fc3ca8e9	1245
search/variant-orfs/8275c5f211640cb978ef5f54e7cf22e71dd96efc8a8f84fb14039c097182989b/4323345bc2594f4fd6344cdcc80cdfdfb795f433ad2ee54cc3a8635120d6ba6c.json.gz	8f08173568323042154d519f85f5a1caa08df77d5271694d4e2a269489dfb9cb	1243
search/variant-orfs/8275c5f211640cb978ef5f54e7cf22e71dd96efc8a8f84fb14039c097182989b/48598ee1e59a12561ea3275ea88f07e8a6b1249fbb6239f6cae4b21a305d4e20.json.gz	0d02ae7a24d4fa81b86f14bf409e9010b78102bdfaf7fba25ce67910f90a5668	1289
search/variant-orfs/8275c5f211640cb978ef5f54e7cf22e71dd96efc8a8f84fb14039c097182989b/4e7cc60fb0d31ba8b3e7f3238cb648f79baa1cd30bb8f4b79d9075d412d93f05.json.gz	be8b16416637887d5cf12e794a832ba007b6b10b971727904d6928564cde5ad1	1234
search/variant-orfs/8275c5f211640cb978ef5f54e7cf22e71dd96efc8a8f84fb14039c097182989b/59a3ab0f45e75db4e367632cdf63c1f7007331d5efbaa13f75b7b734391c7f30.json.gz	5c07eb17539dd8ebb2f2c88586acd7081c03cac2f9adb20e670f0ec2e20a5dde	1238
search/variant-orfs/8275c5f211640cb978ef5f54e7cf22e71dd96efc8a8f84fb14039c097182989b/666e73704b4c5bfba233b23bf98cdc9033a170412cc25ae9b2090e48081510ec.json.gz	1284040ecf02fb7977ed5ffb5ba81190fc2dc1c912fb341f1b0676b3c2e414fb	1230
search/variant-orfs/8275c5f211640cb978ef5f54e7cf22e71dd96efc8a8f84fb14039c097182989b/6e52a72a8fe760e503c51e9caeba04f16d5160ccffd552cb716251985848fc3e.json.gz	ef2142fe8c0573b99a001a7a6d97a39b3965ca86849103cf8050f4ea35650b5c	23468
search/variant-orfs/8275c5f211640cb978ef5f54e7cf22e71dd96efc8a8f84fb14039c097182989b/86dcec36c1dd5232b1778ee20c1bee84b369e804037dace69179111b1bddb954.json.gz	76b82babc67e3935c228bce06e9d97d5b6035aee187744e785d4c8517c53aa8e	1228
search/variant-orfs/8275c5f211640cb978ef5f54e7cf22e71dd96efc8a8f84fb14039c097182989b/8aa8657d99cda323ec9346fd6792345787bcc7f470d79f872a45283f1044da6b.json.gz	f9bde01f1f585e1d74889b4772585da63bb62379be281efa98edfa9cbf8acdd1	1229
search/variant-orfs/8275c5f211640cb978ef5f54e7cf22e71dd96efc8a8f84fb14039c097182989b/99a3d83bf904ad691c597d444d608f5811bfcbea0c7c5cf49dfdd4100eded4fc.json.gz	88f7a6877c82454f42a5392b878f1f45f22b0503f9b04bedc23a55c96fa14705	1230
search/variant-orfs/8275c5f211640cb978ef5f54e7cf22e71dd96efc8a8f84fb14039c097182989b/a8c91e13be4f74f5d7848fcb2fc8fc8e445a0225f487e71ed9f642f4c93d7b81.json.gz	62aa37f261cbcd6fc4ecd12d4ce5b4360eaa3982bd7f804fcfdef0eb1de8c0e2	1556
search/variant-orfs/8275c5f211640cb978ef5f54e7cf22e71dd96efc8a8f84fb14039c097182989b/aa9add0d378d247eaf26d612c4194b9ef38283e08f9dd9b1a5baa19cc19d8cec.json.gz	316f11bb94dd201a35228010719300475760614f31bfe87261a03337168c5752	1234
search/variant-orfs/8275c5f211640cb978ef5f54e7cf22e71dd96efc8a8f84fb14039c097182989b/b56cbc5a5c23358fe23f4a1eb5813b2b51b6d20b90baf5580f983849a0d0fa4a.json.gz	a0b191f37618f5e50254d5daca8d0d55dafbab83ad26a4d5bedc685e6cdc6de7	1247
search/variant-orfs/8275c5f211640cb978ef5f54e7cf22e71dd96efc8a8f84fb14039c097182989b/c1c3fd8dd21150095779f6707467b5807804b29a88384088d7a6053b52277e34.json.gz	9db3010bb51427b55665313c5c7f9d4ed0c7e3ac8eef4e1df772819aafe595a5	1229
search/variant-orfs/8275c5f211640cb978ef5f54e7cf22e71dd96efc8a8f84fb14039c097182989b/c86e5179744965851d83bf1bdc91e3a2ffd1d77b161e9c49425e58ca8c9be34d.json.gz	47afb56a2c79bb715279cb9f021d91285d0fd50987d001cf4ce12d9dd74b9d27	1251
search/variant-orfs/8275c5f211640cb978ef5f54e7cf22e71dd96efc8a8f84fb14039c097182989b/cefdccec79c0c9c3c915aed445b1a90ec8ec1a60ce6d18f4a08f1eb6cbad57ed.json.gz	3ebcf6895e0c142ed7d5ab389cfff299b9263e2d08c13ac4502d5626c765043f	1240
search/variant-orfs/8275c5f211640cb978ef5f54e7cf22e71dd96efc8a8f84fb14039c097182989b/d082d7e5176f2677bb463434b7d3e4d982df2ac5f57545d46107b94b8a5ad77d.json.gz	13bca2145bb0a9af13ea347ad0e416e8011a29626381c2fdda8cc1152d47fae0	1241
search/variant-orfs/8275c5f211640cb978ef5f54e7cf22e71dd96efc8a8f84fb14039c097182989b/d6935b9845e535b3f51d95e730fd9f0dc01c002f35044108dd6bd43174787703.json.gz	2267a37aa6e43034db956dde877e1769543225be905716b6c9d56a04553bd7e6	1267
search/variant-orfs/8275c5f211640cb978ef5f54e7cf22e71dd96efc8a8f84fb14039c097182989b/d71ef86a77714de6be34d90fa6dcf1b319b126082e1dd2121590c69a1077285d.json.gz	b183e0d8e632b12a8760c436b0ce58ab0ca84183d91e7a236b6c8cfa96540323	1724
search/variant-orfs/8275c5f211640cb978ef5f54e7cf22e71dd96efc8a8f84fb14039c097182989b/deb26316c0335e8b8318136f125d905b895e884096d6ae9be2e105c1cb280b45.json.gz	68198c0c1a82241b65bba0887e2aee301ca25f53d1bd2d32475acf2817af9b82	1283
search/variant-orfs/8275c5f211640cb978ef5f54e7cf22e71dd96efc8a8f84fb14039c097182989b/eb371b6908fe1056fcab6efbd071d7f8ac6f15a98de2fdf96c247819277c4361.json.gz	8cde66ace9c9600db8b7ad0a1ab32e7cebe84d5b0bca94cafe6b12ee55ae16e8	1235
search/variant-orfs/8275c5f211640cb978ef5f54e7cf22e71dd96efc8a8f84fb14039c097182989b/f0e03fa0feef5788070eec4a00ad8cfae0ce6dee88853be5c960082e798561e7.json.gz	8dd27ee1dd50d9ee879458dd000cd6f7e1f9cec3b790206942bd3fed564ad27d	1226
search/variant-orfs/8275c5f211640cb978ef5f54e7cf22e71dd96efc8a8f84fb14039c097182989b/f8c2faff93904f07453bdea7949105c68b8bc61d2e6c51fb70223a8e5f06436e.json.gz	21502ac830388f940139fed4b754af1a6eb515b76bcb34aae4a7458816ea5a21	1234
small-variants/40a3ceff825db98f490f303c67b1fad64e5594e16670e9ed43d7dc1c14be58fa/c5554d399a7579fb326d42fe.json	2f3f361cf815138a6ad80aebb81ef4edee4de4efbf35606f1a646eb7bdbce325	2264
small-variants/58f81602ec2f87b86a032cf869f1abefc9f4235dbb1ce082e0b6bbc085b155de/12318cbc1833fd53641b68b9.json	93c7f3377e10abc0035ed4d31f22135c25196172705449ffdf83833d30a52e3b	253899
small-variants/6e9147690525529f9591602afd1191f9862f4df16117a865c6726654456c9368/93852dcc11c4f8bdcb4780c8.json	473acc221c306a4c07c4434c4c2e9a3c6ea1e990768789e0d64aa8b6efabef50	2015
small-variants/8275c5f211640cb978ef5f54e7cf22e71dd96efc8a8f84fb14039c097182989b/3c76e833207d1364105e1ade.json	cfc94fc6df93ce2897e798e7c63f09bcede1b442e228925072c50f1f01dc37e2	13200
sources/40a3ceff825db98f490f303c67b1fad64e5594e16670e9ed43d7dc1c14be58fa/aee0aad9b9d55ca8f07139dd.json	9df11357e03bf2bdc66559b0ccf8ab03eaf6a4b7defa1d792cd2283a4bda5d26	2941
sources/40a3ceff825db98f490f303c67b1fad64e5594e16670e9ed43d7dc1c14be58fa/ccabe985fd69b58e558b8f5b.json	4ffb3548839937ccc4eee6b0bc077e16d16fe0ebedf00947cb25e1f9e323ea35	8320
sources/40a3ceff825db98f490f303c67b1fad64e5594e16670e9ed43d7dc1c14be58fa/header.json	658a6cf162dfc103682936dbcb230c3f4ae64540a0004b3542cb4bc8ec64606a	11027
sources/58f81602ec2f87b86a032cf869f1abefc9f4235dbb1ce082e0b6bbc085b155de/aee0aad9b9d55ca8f07139dd.json	27ba0c5dacb2873d59025d314737c0fe00e1e32d2c140849e5f81e62363629fc	108803
sources/58f81602ec2f87b86a032cf869f1abefc9f4235dbb1ce082e0b6bbc085b155de/ccabe985fd69b58e558b8f5b.json	8c31d457741c99649dc43f26787f6ca891ee2dfeaea82d292f10771a31278b5c	185784
sources/58f81602ec2f87b86a032cf869f1abefc9f4235dbb1ce082e0b6bbc085b155de/header.json	6ce29cefff7845df2ecbe31701ef2c95119de95b2e4d19fbe05008f5f856d431	545306
sources/6e9147690525529f9591602afd1191f9862f4df16117a865c6726654456c9368/aee0aad9b9d55ca8f07139dd.json	c4f0b8b814e2dd4293b5c6fd8293d4a85fa254d6dc74def213b0323ebca940cb	2692
sources/6e9147690525529f9591602afd1191f9862f4df16117a865c6726654456c9368/ccabe985fd69b58e558b8f5b.json	b8cae1a2b64b1da8d61ac2c66182e71968cd24f067ca6e7d507e612a5ac93c90	2834
sources/6e9147690525529f9591602afd1191f9862f4df16117a865c6726654456c9368/header.json	d448f06df8a3f16d991ec4d87c8e5fae26037e90b6c681fe85849db7c167c550	8082
sources/8275c5f211640cb978ef5f54e7cf22e71dd96efc8a8f84fb14039c097182989b/aee0aad9b9d55ca8f07139dd.json	7cecb8e5a16469e417b3f7b2064399f5551c8657f66e98ed5bfa1910003caa77	2940
sources/8275c5f211640cb978ef5f54e7cf22e71dd96efc8a8f84fb14039c097182989b/ccabe985fd69b58e558b8f5b.json	5398fe8f604091d21c5605a1ae0cb75504f44fef1caa5f374df9e49f84d2e714	8067
sources/8275c5f211640cb978ef5f54e7cf22e71dd96efc8a8f84fb14039c097182989b/header.json	6ecb2adfa6034478640dced589521c2f09ca48dbd9e7cc29d7f1769aa7b43762	7535
supplemental-inputs/ATP5MG--KMT2A.input.json.gz	178c7388e7a74784d2446613e46d0ec3fac02f95faa632653fad055b5dbe5055	10661
